Census Tract,EDUCATIONAL ATTAINMENT: Population 25 years and over,"EDUCATIONAL ATTAINMENT: Population 25 years and over: 9th to 12th grade, no diploma",EDUCATIONAL ATTAINMENT: Population 25 years and over: Associate's degree,EDUCATIONAL ATTAINMENT: Population 25 years and over: Bachelor's degree,EDUCATIONAL ATTAINMENT: Population 25 years and over: Bachelor's degree or higher,EDUCATIONAL ATTAINMENT: Population 25 years and over: Graduate or professional degree,EDUCATIONAL ATTAINMENT: Population 25 years and over: High school graduate (includes equivalency),EDUCATIONAL ATTAINMENT: Population 25 years and over: High school graduate or higher,EDUCATIONAL ATTAINMENT: Population 25 years and over: Less than 9th grade,"EDUCATIONAL ATTAINMENT: Population 25 years and over: Some college, no degree",GEO Identifier,HOUSEHOLDS BY TYPE: Total households,HOUSEHOLDS BY TYPE: Total households: Average family size,HOUSEHOLDS BY TYPE: Total households: Average household size,SCHOOL ENROLLMENT: Population 3 years and over enrolled in school,SCHOOL ENROLLMENT: Population 3 years and over enrolled in school: College or graduate school,SCHOOL ENROLLMENT: Population 3 years and over enrolled in school: Elementary school (grades 1-8),SCHOOL ENROLLMENT: Population 3 years and over enrolled in school: High school (grades 9-12),SCHOOL ENROLLMENT: Population 3 years and over enrolled in school: Kindergarten,"SCHOOL ENROLLMENT: Population 3 years and over enrolled in school: Nursery school, preschool",GLOBALID,x,y
1.01,1150,0,0,583,1065,482,20,1141,9,56,11001000101,762,2.43,1.68,83,7,46,0,8,22,{5BEBF124-F100-4895-834A-2A9E58B2431E},,
1.02,2824,0,0,1256,2562,1306,86,2745,79,97,11001000102,1807,2.23,1.79,456,200,166,15,18,57,{B5A58B18-02B2-4A83-800D-034AED2D7B40},,
2.01,84,0,8,24,70,46,6,84,0,0,11001000201,0,,,3874,3874,0,0,0,0,{91EB0CFA-8036-47D3-B86B-46457F5B5941},,
2.02,2639,0,20,598,2272,1674,92,2623,16,239,11001000202,1801,2.59,1.91,1782,1501,94,137,0,50,{AC672173-E34F-459B-B430-498D22A9487E},,
3,3989,17,49,1260,3603,2343,165,3972,0,155,11001000300,2510,2.99,2.38,1881,978,437,224,20,222,{F8767321-F70D-4A67-83F3-611E4B383B5C},,
4,1117,12,29,353,1008,655,27,1097,8,33,11001000400,592,3.51,2.49,470,191,154,110,5,10,{D81754A2-C6D2-4359-B44B-C0F82FB7814B},,
5.01,2888,42,35,1039,2640,1601,39,2845,1,131,11001000501,2069,2.51,1.63,544,296,165,65,18,0,{FC6CC6CF-AACE-41B8-8C2A-26C9E22A4AE6},,
5.02,2697,39,16,680,2423,1743,80,2633,25,114,11001000502,1730,2.69,2.01,529,102,233,68,0,126,{8AA07EC3-5808-41B2-8D0B-9CC4C7D6F66B},,
6,3636,106,0,1056,3011,1955,204,3442,88,227,11001000600,2222,2.78,2.04,834,136,392,124,104,78,{9D3E8419-CC10-48AC-A505-EA2FFDC8ABFF},,
7.02,2623,25,26,632,2214,1582,72,2598,0,286,11001000702,2169,2.39,1.32,771,670,0,24,0,77,{374676E4-AEA9-46AA-8208-0DC2A86A2DBE},,
7.03,2805,16,27,761,2438,1677,267,2773,16,41,11001000703,2126,2.26,1.5,380,303,77,0,0,0,{B7B841E2-7AF6-4C09-ADD3-4D34640566D6},,
7.04,1957,0,58,320,1729,1409,26,1907,50,94,11001000704,1410,2.56,1.82,488,331,93,46,0,18,{D311282C-B9F6-4DC3-8C84-1D8D7FC9A10B},,
8.02,2583,9,48,726,2208,1482,76,2537,37,205,11001000802,1452,3.01,2.33,986,348,320,159,28,131,{A66D1F41-C336-458C-B60E-88C059EE7AB2},,
8.03,1617,0,10,383,1502,1119,58,1617,0,47,11001000803,1191,2.98,1.97,822,534,145,32,0,111,{E105BEEF-8E47-4B99-B953-89F181D361AC},,
8.04,2298,0,58,963,2113,1150,73,2298,0,54,11001000804,1232,3.39,2.74,1363,587,487,185,25,79,{83157313-45D7-498F-8768-811C6E696A40},,
9.02,1558,17,20,388,1367,979,79,1515,26,49,11001000902,857,3.13,2.78,733,96,315,201,37,84,{F2175FA2-9ECA-4BC6-90C7-DDEC2B199D9B},,
9.03,804,0,13,82,746,664,13,804,0,32,11001000903,384,3.16,2.98,3290,3061,103,87,29,10,{A68CBBBC-560B-48B4-ABC0-9E755165D456},,
9.04,2177,13,23,533,1988,1455,65,2164,0,88,11001000904,1159,2.97,2.7,761,100,380,194,32,55,{5AD3F769-3F16-47A9-A9C3-A7BFCCB32795},,
10.02,2488,0,0,856,2294,1438,52,2488,0,142,11001001002,1921,2.79,1.77,1042,610,276,39,0,117,{7E6F415A-C83C-4E65-AE5E-49A73F53E5E9},,
10.03,2049,15,58,327,1771,1444,116,2034,0,89,11001001003,1129,2.78,2.64,635,91,406,45,29,64,{CDBD57C5-248C-488E-A5DA-264157B9DD96},,
10.04,2781,0,0,647,2335,1688,175,2758,23,248,11001001004,1675,3,2.46,1590,629,527,176,49,209,{30B7B4BD-1BD8-42CA-95BA-EED9310D601D},,
11,3398,45,15,924,2905,1981,194,3323,30,209,11001001100,2060,2.91,2.17,964,310,344,145,113,52,{DCB84DFF-2DBE-4649-B78E-CE125654B37D},,
12,4044,2,60,1223,3453,2230,139,3991,51,339,11001001200,2578,2.77,1.97,1001,420,337,90,15,139,{E32693CF-E9D2-4B8A-A322-12776315E912},,
13.01,3285,31,0,890,2775,1885,56,3254,0,423,11001001301,2023,3.16,2.16,1055,376,374,119,38,148,{39F0BFE6-88DA-4E13-AF80-958B7E9055E8},,
13.03,3114,57,23,1194,2880,1686,43,3057,0,111,11001001303,2238,2.05,1.57,280,280,0,0,0,0,{CE2889D0-406D-4DD5-9720-E801FCEEA3B9},,
13.04,4247,0,226,1433,3836,2403,0,4247,0,185,11001001304,2973,2.12,1.51,404,256,148,0,0,0,{A3778EB0-1C96-4564-8E6F-E9CE07685278},,
14.01,2471,23,20,696,2277,1581,14,2421,27,110,11001001401,1296,3.34,2.68,1045,184,334,150,127,250,{EDDD441E-7188-4764-972E-CAA4377C9761},,
14.02,2551,88,54,751,2155,1404,120,2454,9,125,11001001402,1557,3.11,2.23,831,118,334,83,186,110,{B1C1294C-07FA-447E-A37C-2E0CC289CF92},,
15,4065,33,52,923,3472,2549,127,3794,238,143,11001001500,2069,3.09,2.76,1661,128,832,418,81,202,{410DDE53-A48C-4D15-90E1-57DE25D229CE},,
16,3201,56,143,742,2521,1779,153,3097,48,280,11001001600,1610,3.18,2.7,1072,248,434,246,70,74,{913D4FF3-301C-425C-BF27-BFCC9553D167},,
17.02,2757,61,60,628,2125,1497,161,2669,27,323,11001001702,1721,3.19,2.06,778,187,292,247,11,41,{58B3E3AA-1E43-40A9-B52C-342136A53E6B},,
18.03,2866,163,165,460,868,408,716,2361,342,612,11001001803,1640,3.37,2.53,1151,255,452,259,29,156,{0CF85B7D-1BB1-4E09-AFFD-3F191DBC9887},,
18.04,3619,315,153,503,1227,724,1011,2964,340,573,11001001804,2024,3.79,2.59,1426,189,839,53,269,76,{C86F9C89-CA5D-4053-B58D-51D6AC62E0A9},,
19.01,2982,161,98,581,1268,687,413,2641,180,862,11001001901,1661,3.1,2.67,1225,161,513,310,215,26,{51BC18C8-9F62-4AFD-8983-B6FE6C5CC335},,
19.02,1676,33,77,388,965,577,255,1561,82,264,11001001902,864,3.25,2.73,604,159,262,64,31,88,{9727FC48-DC71-471A-A56E-1AFC8BC30CF4},,
20.01,2316,287,28,375,832,457,392,1563,466,311,11001002001,1176,3.34,2.97,991,122,506,201,94,68,{07C8CB5B-8609-49DD-82B1-CADA25B9A300},,
20.02,2783,18,22,822,1905,1083,352,2678,87,399,11001002002,1506,3.28,2.78,1175,360,404,124,134,153,{000E80B1-A898-411B-9D6D-E093DDF30559},,
21.01,4002,282,95,970,2055,1085,1008,3515,205,357,11001002101,2291,3.04,2.45,1332,289,552,161,167,163,{8185D204-5968-4F35-A84D-6DE6E0D4FB47},,
21.02,3797,181,100,878,1763,885,808,3497,119,826,11001002102,2256,2.92,2.14,958,291,263,146,95,163,{A2CF24AA-E9F7-4FB6-BEC9-1DDE7F444108},,
22.01,2246,42,43,682,1082,400,488,1972,232,359,11001002201,934,4.22,3.39,864,318,402,72,13,59,{7E6B8B2B-A78C-49E3-875F-4566AF73A2CD},,
22.02,2020,94,35,475,1033,558,388,1869,57,413,11001002202,1375,3.43,2.52,683,172,318,72,19,102,{C36D9B46-2681-4BE3-8F43-4231F47A9025},,
23.01,2257,106,83,569,1451,882,236,2113,38,343,11001002301,1205,3.06,2.57,461,82,100,68,83,128,{6FBDCB2D-3B4A-46A5-B9D2-83D17F3081B9},,
23.02,1351,50,62,303,758,455,217,1283,18,246,11001002302,902,2.61,1.64,308,163,107,38,0,0,{9737687F-D596-493E-A7D8-768688C89044},,
24,3206,90,50,863,1843,980,455,2670,446,322,11001002400,1545,3.17,2.49,706,285,124,124,82,91,{4438AD85-FB62-43A7-AC63-7D85FC8E5504},,
25.01,2129,119,118,418,946,528,332,1840,170,444,11001002501,991,3.37,2.86,632,174,250,105,23,80,{F3CBB5DD-3774-4482-8116-8B98BE14CED2},,
25.03,2565,141,42,1121,1754,633,225,2294,130,273,11001002503,1611,2.6,1.78,461,321,62,0,15,63,{106C9EA4-165E-4573-A9CC-C5BA4421FFDC},,
25.04,2674,114,1,582,1414,832,476,2130,430,239,11001002504,1414,3.76,2.43,589,100,389,17,53,30,{E7E98059-A7A5-4739-8DD1-A5C42A99D6F8},,
26,1970,31,6,651,1595,944,125,1883,56,157,11001002600,887,3.28,2.85,419,97,165,43,28,86,{60239FF6-AA2E-4839-9E05-3BD7EDCEBEA0},,
27.02,4304,306,72,1042,2987,1945,444,3748,250,245,11001002702,2335,2.98,2.4,1026,252,444,90,87,153,{974E9465-BE34-4327-897E-5FAC47C545D1},,
27.03,1939,94,5,514,1476,962,105,1719,126,133,11001002703,1180,3.02,1.84,223,69,48,11,0,95,{CCF3351A-60EF-4B99-BDC8-B631C6954F13},,
27.04,2444,68,85,561,1617,1056,121,1988,388,165,11001002704,1749,2.95,2.05,653,255,256,126,0,16,{FE098730-5456-4599-80FC-E7D6D7BCD2C4},,
28.01,2889,120,40,822,1750,928,531,2594,175,273,11001002801,1798,3.68,2.25,955,392,296,121,66,80,{7D35AE89-374C-4C5A-A065-5D1F75791DD2},,
28.02,4039,185,41,906,2378,1472,679,3356,498,258,11001002802,2715,3.13,1.89,946,353,318,204,0,71,{71F8189D-7BF5-468B-81C5-439ED79F57D9},,
29,3398,205,53,1010,2319,1309,313,2959,234,274,11001002900,1675,3.34,2.68,993,332,311,166,81,103,{C50EF061-4DD0-4D6D-B892-EFD52BD413D6},,
30,2922,129,91,659,1604,945,542,2542,251,305,11001003000,1665,3.23,2.44,990,384,289,167,54,96,{F722AB82-40D6-4346-A4A7-5A1744FF6A52},,
31,2919,120,71,753,2168,1415,205,2607,192,163,11001003100,1728,3.57,2.15,711,215,241,118,107,30,{24148101-020F-466C-8668-5239CD7DC660},,
32,3233,314,74,686,1566,880,606,2642,277,396,11001003200,1612,3.71,2.87,1027,394,272,215,62,84,{AC44CC27-D71A-4DF3-9D83-9DE6E6B615A9},,
33.01,3402,51,70,1192,2892,1700,209,3302,49,131,11001003301,1867,2.52,2.13,646,403,169,33,0,41,{C293082D-CF5C-4064-8B30-D99925AE1324},,
33.02,1715,18,31,820,1517,697,50,1670,27,72,11001003302,952,2.92,2.33,551,244,56,46,57,148,{96FE19E0-62A5-49A4-BF91-EC27E4B87647},,
34,2049,158,128,561,1285,724,78,1799,92,308,11001003400,1151,3.06,2.2,2620,2372,203,35,0,10,{9D5A314A-5E8B-454C-9AC2-7DF33E05B037},,
35,2282,77,6,672,1567,895,285,2114,91,256,11001003500,1481,2.79,1.8,2459,2168,129,134,8,20,{302E584D-A70E-4712-A934-B1CAE82460DB},,
36,3885,144,15,1203,2820,1617,405,3540,201,300,11001003600,2187,2.73,1.98,614,280,228,7,11,88,{3B2B9026-7CA8-4C8F-B479-2E69830C8B84},,
37.01,1740,112,16,455,1226,771,199,1574,54,133,11001003701,1263,2.58,1.65,313,115,76,81,0,41,{B903BBB5-CC19-426A-9FF0-97123CF49638},,
37.02,2136,179,11,738,1215,477,624,1957,0,107,11001003702,1474,3.26,2.01,863,182,281,0,155,245,{2B5FADFC-6D66-4266-87A3-8BB8F0549732},,
38.01,1327,0,0,521,1289,768,0,1327,0,38,11001003801,1014,2.6,1.58,224,69,53,0,53,49,{E0F3F503-4F45-4A58-9C8C-988AE358B16A},,
38.02,2811,58,12,1049,2272,1223,189,2620,133,147,11001003802,1889,2.78,1.79,408,164,151,23,0,70,{9304984C-1E81-4B51-B1C2-32A7000EF0E8},,
39.01,2227,0,0,491,2012,1521,78,2215,12,125,11001003901,1752,2.39,1.45,145,93,33,0,8,11,{48A381C6-CAA3-4854-BC4D-EEAFC5FE7C9A},,
39.02,1230,39,24,455,1004,549,91,1191,0,72,11001003902,970,2.67,1.8,303,64,148,91,0,0,{A0D79550-A699-42B7-A749-2763BFF22BEA},,
40.01,3963,19,60,1560,3638,2078,104,3930,14,128,11001004001,2493,2.74,1.85,539,160,209,37,28,105,{12C1715F-7C9B-4751-A5B2-81F9B0DDF3A4},,
40.02,2727,0,69,919,2527,1608,5,2680,47,79,11001004002,2052,2.62,1.54,387,87,250,40,0,10,{027D14F9-4217-4E0A-86B9-C382D5EEEEDB},,
41,1981,35,18,506,1830,1324,47,1946,0,51,11001004100,1322,2.76,1.82,334,199,75,35,25,0,{1B6EA8B0-3F38-4B07-B2E1-7F442180A3DE},,
42.01,3071,55,23,1618,2787,1169,54,2974,42,110,11001004201,1891,2.92,1.99,510,324,13,0,0,173,{588B5891-9CE8-4654-9F14-CC58F8D39596},,
42.02,2263,3,14,976,2129,1153,47,2260,0,70,11001004202,1539,2.31,1.62,399,364,0,14,21,0,{0AD802D6-8972-4F0F-99A0-D39DA2F82AC4},,
43,3382,125,32,1111,2931,1820,171,3209,48,75,11001004300,2460,2.96,1.63,362,246,77,0,0,39,{D5761C0C-53C5-4503-A1F1-259672594DAB},,
44.01,2680,27,16,828,2496,1668,55,2598,55,31,11001004401,1743,3.09,1.96,422,188,131,0,103,0,{B2C95603-1007-4AA7-8696-D6E04D36EB38},,
44.02,2135,36,82,564,1519,955,374,2099,0,124,11001004402,1120,3.03,2.31,189,115,55,4,8,7,{ABB57B13-BAF1-46E6-87C2-661A61B505D1},,
46,2405,64,99,662,1560,898,353,2303,38,291,11001004600,1510,2.58,1.98,296,90,149,25,4,28,{C9735B3E-EE88-4DC7-B875-9710852ED3D0},,
47.02,3463,190,83,1031,2802,1771,231,3250,23,134,11001004702,2285,2.31,1.53,340,298,32,0,0,10,{FD7FBFDB-1571-4BAC-8169-3EC6FF1D8B04},,
47.03,2541,126,56,580,1498,918,508,2092,323,30,11001004703,1791,2.6,1.73,599,414,73,84,0,28,{CA9D1C98-ACF1-498D-B188-17C2F1C2633E},,
47.04,776,55,158,1,52,51,324,721,0,187,11001004704,732,3.12,1.64,353,199,45,88,21,0,{B21FFAAC-5434-4283-996A-57D4573E19DC},,
48.01,2513,94,34,881,1860,979,279,2304,115,131,11001004801,1422,2.86,2.04,290,134,10,34,0,112,{30B65BAF-C96B-4D76-A2D6-75DFECCDA048},,
48.02,2673,160,22,552,1741,1189,257,2316,197,296,11001004802,1634,2.86,2.01,533,128,302,101,0,2,{40D32A2A-970D-423B-93A3-DFE5F2058FA4},,
49.01,2594,117,72,933,1896,963,270,2475,2,237,11001004901,1835,2.86,1.76,518,287,164,49,0,18,{6E774673-4DD6-4C58-8791-7C97D1FF0E8B},,
49.02,2773,11,120,1047,2273,1226,225,2719,43,101,11001004902,2092,2.64,1.59,323,137,119,51,0,16,{83CC109E-AF4F-4FC8-A5A9-5634EAA42DEA},,
50.01,1748,24,12,728,1577,849,58,1699,25,52,11001005001,1074,2.03,1.72,155,78,49,4,14,10,{ABD27345-2792-4CBE-A7C3-800E8C6B8249},,
50.03,1467,7,0,397,1299,902,14,1460,0,147,11001005003,1090,2.22,1.46,162,144,18,0,0,0,{2B63428C-A831-4333-8F1E-FAA72B5A482B},,
50.04,3074,178,0,806,1982,1176,370,2525,371,173,11001005004,2358,3.1,1.75,858,536,193,47,16,66,{FA8E1854-430B-4A22-8CF2-EDF88DD589C8},,
52.02,2617,19,0,751,2325,1574,206,2598,0,67,11001005202,1964,2,1.37,4,4,0,0,0,0,{BFEA57FD-D7D0-4B5D-960E-C97C291F3DF0},,
52.03,3150,0,0,1155,2498,1343,172,3127,23,457,11001005203,2473,2.39,1.4,433,259,174,0,0,0,{8E0FC82A-D569-4B64-9018-0E9B2D8B4F68},,
53.02,2274,0,10,1059,2183,1124,17,2274,0,64,11001005302,1615,2.71,1.57,307,208,30,21,0,48,{37B1953E-CADE-4C23-94A8-B026FC644512},,
53.03,2385,0,0,825,2247,1422,33,2385,0,105,11001005303,2001,2.18,1.29,251,177,39,5,14,16,{E0AD44FA-3AB3-401B-9C80-62380162D877},,
55.01,1434,0,31,400,1304,904,31,1397,37,31,11001005501,1170,1.93,1.43,319,319,0,0,0,0,{AF41A75D-F8EA-4295-9379-6BADA7FB4A75},,
55.02,1982,31,98,615,1661,1046,73,1951,0,119,11001005502,1594,2.4,1.48,594,503,46,0,0,45,{B7AEA9CC-564E-4444-A5FD-223AF3ACC337},,
55.03,1327,0,0,331,1327,996,0,1327,0,0,11001005503,1151,2.14,1.57,574,574,0,0,0,0,{9E52E314-0937-48E2-8B5D-84D69BD5D4A6},,
56.01,1773,0,19,555,1574,1019,19,1773,0,161,11001005601,1792,2.27,1.35,930,906,24,0,0,0,{C9C988C9-5D5B-4924-A69F-39C239008914},,
56.02,2430,0,23,544,2236,1692,70,2430,0,101,11001005602,1823,2.16,1.49,1991,1980,0,0,0,11,{4FBBBC93-428C-48DF-AC04-503D1685DA67},,
58.01,1748,32,35,498,1253,755,195,1580,136,97,11001005801,1182,2.32,1.39,154,117,17,9,0,11,{5D9A75BC-78CB-4C5A-8BCB-B7E908833801},,
58.02,1781,0,69,501,1571,1070,22,1781,0,119,11001005802,1421,2.06,1.36,166,154,12,0,0,0,{EB4722D6-B594-4D03-B6D0-752094D6CEBA},,
59,1910,63,18,1028,1507,479,75,1791,56,191,11001005900,1368,2.18,1.49,518,502,16,0,0,0,{93CFB8FC-9D53-4F5F-9AC4-2ED63B3AA9A0},,
64,1784,363,29,494,748,254,316,1264,157,171,11001006400,1319,2.65,1.89,381,97,120,134,25,5,{0DD9065E-C4D5-4FF7-AFF4-3FF419793925},,
65,2248,0,86,1004,1837,833,127,2231,17,181,11001006500,1335,3,1.98,516,90,180,152,37,57,{D71C8AF2-BBCB-4FFE-BF70-9EE48DC2A703},,
66,1788,0,19,387,1578,1191,0,1745,43,148,11001006600,1096,2.43,1.85,188,47,86,16,8,31,{D12A189B-7DAB-42FC-B141-AD05C0EE5F83},,
67,3450,50,50,1074,3192,2118,52,3400,0,106,11001006700,2070,2.81,2.06,710,192,235,68,83,132,{95BE2499-7F1E-4DB0-9EB8-85BE8C3DBC23},,
68.01,1677,16,86,473,1198,725,255,1644,17,105,11001006801,1027,2.75,2.17,259,92,76,40,8,43,{EEACD31C-ABC5-40FF-834D-A78BB62474F0},,
68.02,1718,0,6,600,1332,732,244,1716,2,134,11001006802,1025,2.69,2.23,318,62,91,53,68,44,{1C2DCF21-5804-4D9C-97F4-DCA5742E195A},,
68.04,2336,368,64,166,233,67,1354,1827,141,176,11001006804,29,3.4,3.48,150,78,7,65,0,0,{0D6520AE-46F1-429C-8DFC-4333A106153A},,
69,2064,15,0,552,1826,1274,142,2046,3,78,11001006900,1235,3.05,2.26,668,257,247,22,78,64,{CA8EE136-A49F-4FDD-9ECE-43C42E3ED349},,
70,1896,35,75,656,1656,1000,45,1861,0,85,11001007000,1069,2.82,2.14,348,65,148,38,15,82,{92540EEA-9C9B-466D-A785-478B1D91335E},,
71,2246,177,37,667,1394,727,353,2020,49,236,11001007100,1389,3.69,2.44,843,459,199,145,8,32,{48AD7EBE-1D9F-4E72-9A22-3A1CEF759926},,
72.01,1716,0,102,711,1482,771,3,1716,0,129,11001007201,1361,1.99,1.39,153,153,0,0,0,0,{48165278-A613-4843-B9E3-00C1324F6B38},,
72.02,3529,0,71,1959,3243,1284,35,3512,17,163,11001007202,2399,2.2,1.6,179,113,35,0,0,31,{4C37E8D8-5879-4022-98C3-38B27ED31603},,
72.03,2329,8,72,819,1900,1081,231,2289,32,86,11001007203,1512,2.74,1.91,457,183,105,13,69,87,{04B05358-777F-4C9E-8C54-AAEE36B02C48},,
73.01,2536,0,205,538,1452,914,132,2536,0,747,11001007301,1384,3.5,3.18,1894,658,747,113,105,271,{E6015B33-1E53-4335-8153-7F44577A0CED},,
74.01,1047,131,50,70,162,92,368,838,78,258,11001007401,818,2.84,1.88,222,4,155,28,14,21,{E8A6D782-6BE3-48BF-87D2-09784F8A0D22},,
74.06,1621,47,112,250,310,60,716,1572,2,434,11001007406,1299,3.74,3.04,1795,335,684,481,31,264,{4C0FFF38-F5E5-4A65-BC14-29FF4D958834},,
74.07,2098,185,118,322,533,211,836,1874,39,387,11001007407,1412,3.19,2.41,1298,224,537,345,86,106,{75F7760C-9320-4B13-A46F-BA036E7E04F3},,
75.02,2849,430,114,287,378,91,1287,2318,101,539,11001007502,1818,3.62,2.69,1731,113,898,422,110,188,{1362A958-2A84-46E2-9C24-7301A545A0E7},,
75.03,1460,165,43,146,253,107,566,1256,39,394,11001007503,872,4.04,2.87,982,100,293,369,33,187,{74069F6F-2F5C-4D61-B814-0588B8F71EC3},,
75.04,1698,249,51,265,430,165,526,1418,31,411,11001007504,1254,3.18,2.17,980,147,455,120,56,202,{8B000399-57C1-4739-9BDA-1710859B64DB},,
76.01,3547,327,84,771,1390,619,1077,3033,187,482,11001007601,2214,3.06,2.19,1136,286,547,93,68,142,{071F1D43-C86E-44C0-B770-0F3AE6CF82A6},,
76.03,2950,87,128,795,1538,743,401,2785,78,718,11001007603,2244,3.01,1.84,744,317,190,2,40,195,{49802389-4389-4025-ACF5-5EBFFA4FF406},,
76.04,3166,118,402,452,948,496,954,2979,69,675,11001007604,1809,3.26,2.23,830,348,235,191,22,34,{2DE2E934-8A04-449F-8626-6C07A291935B},,
76.05,2933,187,155,288,762,474,1081,2659,87,661,11001007605,1883,2.73,1.78,751,418,169,90,74,0,{EBC82E46-5B3D-424B-A0EA-C9FB1BC64F47},,
77.03,4086,299,102,198,365,167,2025,3614,173,1122,11001007703,2298,4.11,3.1,2489,468,900,614,280,227,{96C1BE05-E060-4D7A-B123-D4473BB1A904},,
77.07,2963,507,156,270,699,429,1147,2338,118,336,11001007707,1822,3.66,2.5,907,157,531,89,29,101,{AA54DCE0-DEE8-48A5-AC5C-A626FA4B51B3},,
77.08,1581,240,71,83,232,149,350,1312,29,659,11001007708,1064,3.1,2.21,390,39,150,163,7,31,{2CEF0316-4A0D-4F66-80B3-61A92AAF9885},,
77.09,1608,348,18,145,251,106,534,1243,17,440,11001007709,1185,2.79,1.82,535,75,339,95,26,0,{1FB2C64E-9AA1-42AE-80CE-D518D7FBF33C},,
78.03,3207,518,369,336,639,303,730,2456,233,718,11001007803,2304,2.83,1.96,975,198,277,241,134,125,{660D41E5-B157-4433-B90F-8D1F29200BE9},,
78.04,2135,247,105,367,597,230,655,1866,22,509,11001007804,1284,3.44,2.87,1707,327,660,350,267,103,{8CF34736-B49A-488F-82B6-B451F33ACEEC},,
78.06,2096,57,101,283,555,272,805,1984,55,523,11001007806,1192,3.23,2.11,421,61,250,9,27,74,{CA99424E-CD8F-4205-9F58-A0B8E6C05C73},,
78.07,1631,126,53,252,348,96,782,1457,48,274,11001007807,888,3.44,2.7,711,232,277,144,46,12,{2CFBA598-FAA3-4A23-B196-BF8EFE63F050},,
78.08,2581,280,161,476,687,211,728,2136,165,560,11001007808,1600,3.39,2.52,1596,414,703,341,0,138,{DF30D21C-7275-494C-AC15-A50DD8D2BF01},,
78.09,1677,263,106,206,356,150,658,1388,26,268,11001007809,1128,4.03,2.61,761,134,311,180,0,136,{0D854595-A100-4845-8C0D-016D6457EB01},,
79.01,3298,217,60,962,1745,783,609,3075,6,661,11001007901,1759,3.5,2.81,1332,229,630,286,103,84,{82F3BD3D-5A53-41DE-822F-674873E321BF},,
79.03,1374,69,51,297,685,388,359,1273,32,178,11001007903,795,3.09,2.3,282,70,135,29,4,44,{E106B572-A9D4-4639-A065-4E094B3A62E2},,
80.01,2271,12,64,815,1917,1102,149,2216,43,86,11001008001,1423,2.76,2.09,547,118,210,50,54,115,{14EDC039-4776-4A1A-BFCA-0C79F32B31D2},,
80.02,2468,31,127,684,1907,1223,257,2400,37,109,11001008002,1509,3.28,2.26,848,188,405,68,22,165,{8E06A771-BED6-418B-8242-D7B565FDEA5E},,
81,2584,0,11,764,2311,1547,101,2573,11,150,11001008100,1534,2.97,2.05,444,205,127,16,25,71,{A19E3CD8-667A-429B-943D-1C10DE0402A2},,
82,2037,2,62,663,1884,1221,22,2033,2,65,11001008200,1387,2.72,1.92,561,406,85,15,21,34,{9160FEA2-5F90-46CF-A1F9-DBE58E506E66},,
83.01,2264,15,16,752,2059,1307,34,2235,14,126,11001008301,1410,2.63,1.98,514,294,133,0,78,9,{19F19320-5707-4F46-AAA7-2DF659BA0D9C},,
83.02,2200,36,29,851,1968,1117,66,2135,29,72,11001008302,1221,3.16,2.27,537,108,213,144,6,66,{1492794B-7160-44F4-A2BB-9C0E490B49DC},,
84.02,2017,37,0,725,1604,879,201,1957,23,152,11001008402,1297,2.69,1.77,295,69,124,48,8,46,{ED3BC7CD-3B7B-4334-9441-A16D04157F2D},,
84.1,1420,67,20,607,1151,544,106,1353,0,76,11001008410,778,3.37,2.66,375,65,134,27,65,84,{3225F615-18A0-44A6-898F-7554ACA5B2ED},,
87.01,2250,86,56,933,1664,731,277,2105,59,108,11001008701,1133,2.59,2.31,365,169,101,47,11,37,{0626A984-32D4-4482-B742-DDBF9040B93F},,
87.02,2682,57,106,1167,1855,688,439,2602,23,202,11001008702,1905,3.16,1.62,421,240,90,63,0,28,{70C4CC37-2935-455D-8508-29E00BEBF8DC},,
88.02,3162,166,102,671,1412,741,870,2826,170,442,11001008802,1700,3.42,2.5,766,168,362,108,81,47,{B86244F1-C194-4261-A5FC-8E999935175E},,
88.03,2345,141,59,421,828,407,900,2101,103,314,11001008803,1351,3.27,1.82,1129,721,264,125,19,0,{7BCB90CD-EA31-4A95-A89F-FE70FD870AA2},,
88.04,2108,143,191,306,776,470,569,1887,78,351,11001008804,1547,3.27,1.79,452,102,171,132,0,47,{17C63EF8-4B47-4CC1-9957-CA506593B1CF},,
89.03,2410,192,127,618,1090,472,418,2182,36,547,11001008903,1689,3.61,2.23,1029,220,561,132,17,99,{C3C7DE34-9C0D-4F73-9796-22DD0163EC62},,
89.04,2910,322,61,634,1005,371,792,2458,130,600,11001008904,1933,2.9,2.11,941,180,444,125,144,48,{9A6E352A-A683-4E4B-9927-D206FE755144},,
90,2939,145,71,651,1219,568,779,2635,159,566,11001009000,2275,2.61,1.57,475,98,261,19,77,20,{C4BD0DCA-9719-42F7-977A-F65013DC587D},,
91.02,3126,296,119,745,1248,503,694,2619,211,558,11001009102,1989,3.38,2.4,1236,330,330,275,73,228,{15C880DE-8A59-4C51-9003-7D726847E200},,
92.01,1776,33,74,532,1387,855,116,1698,45,121,11001009201,1150,3.19,2.24,1285,847,241,66,26,105,{E3B4E1AD-8235-44F7-8AAD-DFD6D6BCECF4},,
92.03,2268,165,81,582,1246,664,348,2096,7,421,11001009203,1483,2.71,2.07,552,268,171,66,26,21,{58943851-CD09-49D0-B3C3-5E14A15C5EF9},,
92.04,2030,195,211,355,533,178,513,1646,189,389,11001009204,1492,2.97,2.18,923,75,492,159,60,137,{1EE8856F-6F1E-4750-8A78-0CF416A76CAE},,
93.01,2720,21,46,637,1620,983,334,2692,7,692,11001009301,1491,2.96,2.29,608,181,146,155,6,120,{4C2BF5D9-BFF5-4A32-9C7C-11A6E9756416},,
93.02,1252,110,0,221,733,512,230,1082,60,119,11001009302,792,2.65,2.05,382,202,127,32,6,15,{12534BAD-9FBC-42F2-A046-D95B875461C2},,
94,3639,193,135,1130,1821,691,489,3274,172,829,11001009400,1817,3.4,2.66,955,267,444,184,43,17,{BD8D6C0D-5C0D-42AD-8562-27C4C53D2A43},,
95.03,1994,54,29,454,1112,658,294,1902,38,467,11001009503,1109,2.93,2.57,817,230,416,60,64,47,{42D5D7F6-745A-4AF0-9AFE-311841056ADF},,
95.04,2653,58,73,793,1542,749,386,2546,49,545,11001009504,1248,2.89,2.33,294,57,156,43,13,25,{693443A5-A408-4AF5-8D14-9C1D3B63A94F},,
95.05,3266,133,200,608,1436,828,554,3097,36,907,11001009505,1797,3.34,2.3,1228,469,430,262,59,8,{604BE77E-20FE-4D4E-81E7-73D9A2446878},,
95.07,1260,61,88,244,446,202,294,1162,37,334,11001009507,628,3.58,2.68,291,68,183,40,0,0,{565D81C9-B06C-4235-A796-E98E29F0BC24},,
95.08,2859,148,64,654,1188,534,746,2604,107,606,11001009508,1648,3.85,2.4,1185,300,457,301,31,96,{5F3C89AE-1446-46D2-8EE1-AADF1B43F31C},,
95.09,2413,112,128,730,1205,475,466,2245,56,446,11001009509,1400,3.2,2.29,636,264,182,63,12,115,{E4C2FB45-1765-4E75-8DA1-ADBCD67A1F86},,
95.1,2932,301,97,366,686,320,784,2442,189,875,11001009510,1873,3.8,2.58,1409,303,721,256,32,97,{CDC0A383-004F-4D57-B84A-42B6511BC796},,
95.11,197,6,7,48,110,62,57,191,0,17,11001009511,0,,,1887,1887,0,0,0,0,{B96E231D-B626-41AB-B1B4-B648C2D9D7E0},,
96.01,1279,114,45,281,348,67,473,1101,64,235,11001009601,869,3.3,2.61,657,120,380,76,0,81,{E99DD8A4-7961-4948-9956-EEE80EE062C7},,
96.02,2874,397,241,367,707,340,1025,2410,67,437,11001009602,2197,3,2.12,1184,169,396,221,180,218,{1D83C11C-F9B9-4662-A6AF-D83002B93345},,
96.03,2827,293,264,369,605,236,1003,2482,52,610,11001009603,1913,2.99,2.02,980,385,300,173,75,47,{C329CE0A-2573-4314-B31E-CB7C1A2BCB4F},,
96.04,1615,130,32,243,445,202,498,1465,20,490,11001009604,892,3.87,2.68,613,167,198,16,77,155,{E53E0C25-7539-49C7-8D1A-F4D39F47D667},,
99.01,1922,11,114,377,953,576,318,1816,95,431,11001009901,976,3.1,2.33,365,115,66,42,123,19,{361BDEB2-8A85-48A4-BE1C-746B853058DB},,
99.02,2582,166,302,155,449,294,438,2284,132,1095,11001009902,1311,3.04,2.38,611,219,331,52,0,9,{FD5F9545-BDC6-4FA7-A106-922524BAD28D},,
99.03,1498,74,21,218,516,298,501,1382,42,344,11001009903,671,4.28,3.52,815,332,251,157,0,75,{E5F5D450-8665-467B-8A99-19E22A213326},,
99.04,1710,136,134,332,403,71,673,1501,73,291,11001009904,1235,3.78,2.49,991,118,449,186,87,151,{87DCA415-8222-4559-9BA3-1E1E18E4B832},,
99.05,1950,131,143,265,476,211,700,1819,0,500,11001009905,1351,3.04,2.26,961,95,335,413,0,118,{A8EF374F-A380-4A7A-992F-E1466E8811C0},,
99.06,1393,155,45,137,329,192,539,1196,42,283,11001009906,907,2.83,2,306,126,79,29,56,16,{8085123A-933C-4550-9259-265A974049CF},,
99.07,1603,302,0,126,212,86,627,1241,60,402,11001009907,1019,4.03,2.43,762,161,315,217,22,47,{441F0308-66BD-474B-84E7-E5981D9CDEEC},,
101,2466,0,38,648,2107,1459,143,2464,2,176,11001010100,1854,2.16,1.45,287,232,55,0,0,0,{DB65FBF6-5BE1-40AA-8666-73FBCF36B6F9},,
102.01,2160,20,100,862,1851,989,9,2139,1,179,11001010201,1728,2.59,1.46,451,239,110,102,0,0,{ED5198B4-440B-4F78-B8E1-E6F41A75628E},,
102.02,1619,0,22,579,1207,628,45,1541,78,267,11001010202,1158,2.19,1.67,288,202,12,25,26,23,{50E017D6-545A-4C46-B20A-7411C27B3F40},,
103,2908,95,130,726,1388,662,578,2489,324,393,11001010300,1515,3.23,2.59,1084,153,465,306,27,133,{27BA02CE-76BF-4A01-8337-B266AAAA9D3A},,
104,3115,110,387,272,800,528,1148,2964,41,629,11001010400,2283,3.01,1.79,918,120,468,165,54,111,{1901848F-5165-4B9B-8347-26BC4A7A8756},,
105,3377,174,133,894,2455,1561,257,3080,123,235,11001010500,2402,2.74,1.68,330,247,22,41,17,3,{A8FFA276-223A-43E9-9017-468E1695BF8A},,
106.01,1490,123,18,477,1081,604,99,1366,1,168,11001010601,1181,2.54,1.62,272,179,72,0,0,21,{BE3A55FB-6166-4ED7-B3AA-236298EAD972},,
106.02,4486,86,50,1458,3624,2166,425,4278,122,179,11001010602,2611,3.12,2.16,1285,556,90,221,209,209,{2205518E-F16B-442B-AC12-869B129BD0B3},,
106.03,1852,18,104,1023,1639,616,22,1834,0,69,11001010603,1616,2.12,1.54,208,208,0,0,0,0,{4F9C5DF8-0385-4C3B-8135-BBE2D82DE59A},,
107,1328,42,0,596,1098,502,88,1258,28,72,11001010700,1201,2.28,1.29,277,270,0,1,0,6,{0A72F5E3-2981-4EA2-8C7C-C6B66D6FDCEB},,
108,783,6,23,164,633,469,31,777,0,90,11001010800,768,2.33,1.32,5706,5685,15,6,0,0,{16B88C8B-8183-4835-9C2A-82F9CA19B12E},,
110.01,2285,141,62,758,1637,879,317,2144,0,128,11001011001,1459,2.25,1.63,163,130,0,11,0,22,{F7EEE919-5FA7-434B-9B1F-9501878BF3F3},,
110.02,1427,18,25,282,1120,838,104,1409,0,160,11001011002,1077,2.08,1.36,35,35,0,0,0,0,{006A4F59-2EB3-4776-83B3-F8707727FED7},,
111,4026,476,228,812,1587,775,1060,3497,53,622,11001011100,1941,3.79,2.42,945,198,443,113,77,114,{930EBA59-386B-4898-A02A-B5DB8B663FF8},,
9800,17,0,0,17,17,0,0,17,0,0,11001980000,5,3.4,3.4,0,0,0,0,0,0,{DCE14793-A18C-491F-BBF8-8A29672C913F},,
